{"cameraMode":{"drawMode":0,"name":"Shaded","section":"Shading Mode"},"sceneLighting":false,"audioPlay":false,"sceneViewState":{"m_AlwaysRefresh":false,"showFog":true,"showSkybox":false,"showFlares":true,"showImageEffects":true,"showParticleSystems":true,"showVisualEffectGraphs":true,"m_FxEnabled":true},"in2DMode":false,"pivot":{"x":1.2139747142791749,"y":0.14758902788162232,"z":2.655965805053711},"rotation":{"x":-0.04350927472114563,"y":0.11274396628141403,"z":-0.0050061894580721859,"w":-0.9926966428756714},"size":2.915114164352417,"orthographic":false}