{"cameraMode":{"drawMode":0,"name":"Shaded","section":"Shading Mode"},"sceneLighting":false,"audioPlay":false,"sceneViewState":{"m_AlwaysRefresh":false,"showFog":true,"showSkybox":false,"showFlares":true,"showImageEffects":true,"showParticleSystems":true,"showVisualEffectGraphs":true,"m_FxEnabled":true},"in2DMode":false,"pivot":{"x":2.6483101844787599,"y":-0.04544726014137268,"z":0.9062551259994507},"rotation":{"x":-0.02761044353246689,"y":-0.6099311709403992,"z":0.021187519654631616,"w":-0.7917377948760986},"size":2.3151142597198488,"orthographic":false}