{"cameraMode":{"drawMode":0,"name":"Shaded","section":"Shading Mode"},"sceneLighting":false,"audioPlay":false,"sceneViewState":{"m_AlwaysRefresh":false,"showFog":true,"showSkybox":false,"showFlares":true,"showImageEffects":true,"showParticleSystems":true,"showVisualEffectGraphs":true,"m_FxEnabled":true},"in2DMode":false,"pivot":{"x":0.22362178564071656,"y":-0.10241913050413132,"z":-0.18851110339164735},"rotation":{"x":-0.07525556534528732,"y":-0.19615575671195985,"z":0.015009135007858277,"w":-0.9776256680488586},"size":0.3535533845424652,"orthographic":false}