{"cameraMode":{"drawMode":0,"name":"Shaded","section":"Shading Mode"},"sceneLighting":true,"audioPlay":false,"sceneViewState":{"m_AlwaysRefresh":false,"showFog":true,"showSkybox":true,"showFlares":true,"showImageEffects":true,"showParticleSystems":true,"showVisualEffectGraphs":true,"m_FxEnabled":true},"in2DMode":false,"pivot":{"x":0.5469231605529785,"y":-1.0450870990753174,"z":0.897693395614624},"rotation":{"x":-0.06437715142965317,"y":0.052961114794015887,"z":-0.003442821791395545,"w":-0.9965861439704895},"size":8.68801212310791,"orthographic":false}