{"cameraMode":{"drawMode":0,"name":"Shaded","section":"Shading Mode"},"sceneLighting":true,"audioPlay":false,"sceneViewState":{"m_AlwaysRefresh":false,"showFog":true,"showSkybox":true,"showFlares":true,"showImageEffects":true,"showParticleSystems":true,"showVisualEffectGraphs":true,"m_FxEnabled":true},"in2DMode":false,"pivot":{"x":-0.31926700472831728,"y":0.019817709922790529,"z":5.8208208084106449},"rotation":{"x":-0.2274695634841919,"y":0.2625501751899719,"z":-0.06388422846794129,"w":-0.9356158375740051},"size":12.173490524291993,"orthographic":false}