{"cameraMode":{"drawMode":0,"name":"Shaded","section":"Shading Mode"},"sceneLighting":false,"audioPlay":false,"sceneViewState":{"m_AlwaysRefresh":false,"showFog":true,"showSkybox":false,"showFlares":true,"showImageEffects":true,"showParticleSystems":true,"showVisualEffectGraphs":true,"m_FxEnabled":true},"in2DMode":false,"pivot":{"x":0.0645153820514679,"y":0.6352609395980835,"z":2.137497901916504},"rotation":{"x":-0.13181734085083009,"y":-0.15341609716415406,"z":0.020585941150784494,"w":-0.9791543483734131},"size":3.2151143550872804,"orthographic":false}