{"cameraMode":{"drawMode":0,"name":"Shaded","section":"Shading Mode"},"sceneLighting":true,"audioPlay":false,"sceneViewState":{"m_AlwaysRefresh":false,"showFog":true,"showSkybox":true,"showFlares":true,"showImageEffects":true,"showParticleSystems":true,"showVisualEffectGraphs":true,"m_FxEnabled":true},"in2DMode":false,"pivot":{"x":154.8226318359375,"y":-501.2607421875,"z":31.489181518554689},"rotation":{"x":0.035668063908815387,"y":0.03296825289726257,"z":0.0011186307528987527,"w":-0.9988643527030945},"size":479.8431396484375,"orthographic":false}