{"cameraMode":{"drawMode":0,"name":"Shaded","section":"Shading Mode"},"sceneLighting":false,"audioPlay":false,"sceneViewState":{"m_AlwaysRefresh":false,"showFog":true,"showSkybox":false,"showFlares":true,"showImageEffects":true,"showParticleSystems":true,"showVisualEffectGraphs":true,"m_FxEnabled":true},"in2DMode":false,"pivot":{"x":5.960464477539063e-8,"y":0.12516522407531739,"z":4.528672695159912},"rotation":{"x":0.10120797157287598,"y":-0.017907174304127694,"z":0.0018208023393526674,"w":0.9947060346603394},"size":5.929996013641357,"orthographic":false}